{
"lengthUnit": "mil",
"components": {
	"fields": ["COMPONENT_NO", "COMPONENT_NAME", "LAYER", "X_COORDINATE", "Y_COORDINATE", "ANGLE"],
	"rows": [
		[1, "5V_BUCK", "T", 3210, 1890, 180],
		[2, "12V_BUCK", "T", 2680, 1890, 180],
		[3, "C8", "T", 4100, 2905, 90],
		[4, "C8A", "T", 4170, 2905, 90],
		[5, "C8A1", "T", 3560, 2150, 0],
		[6, "C9", "T", 3850, 2670, 0],
		[7, "C11", "T", 4267.19, 1713.58, 0],
		[8, "C12", "T", 3365, 2645, 270],
		[9, "C13", "T", 4535, 4195, 270],
		[10, "C14", "T", 2456.91, 2022.38, 0],
		[11, "C15", "T", 2318.57, 2064.04, 270],
		[12, "D1", "T", 3865, 2895, 0],
		[13, "D3", "T", 3570, 2655, 90],
		[14, "D4", "T", 3565, 1715, 180],
		[15, "FAN", "T", 2125, 1890, 90],
		[16, "FAN_MOSFET", "T", 2335, 1720, 0],
		[17, "Fuse", "T", 3825, 3100, 270],
		[18, "I2C-MOLEX", "T", 4290, 3870, 0],
		[19, "INBUS", "T", 4215, 3125, 0],
		[20, "L1", "T", 3565, 2055, 0],
		[21, "LED_MOLEX", "T", 2490, 2125, 0],
		[22, "LED_MOSFET", "T", 2700, 2095, 90],
		[23, "MCU", "T", 4135, 2010, 180],
		[24, "OUTBUS", "T", 4215, 3415, 0],
		[25, "POT/MOLEX", "T", 4310, 4165, 0],
		[26, "R0_RS485_TERM", "T", 4425, 3645, 0],
		[27, "R1", "T", 4245, 2905, 90],
		[28, "R2", "T", 4320, 2905, 90],
		[29, "R3", "T", 4260, 1905, 0],
		[30, "R4", "T", 4265, 2005, 0],
		[31, "R5", "T", 4270, 1815, 0],
		[32, "R6", "T", 4265, 2115, 180],
		[33, "R7", "T", 4265, 2220, 180],
		[34, "R8", "T", 4030, 1810, 180],
		[35, "THVD1452DR", "T", 4295, 2665, 0],
		[36, "PAD1", "T", 4020, 3645, 0],
		[37, "PAD1", "B", 4020, 3645, 0],
		[38, "PAD2", "T", 4230, 3645, 0],
		[39, "PAD2", "B", 4230, 3645, 0]
	]
},
"pins": {
	"fields": ["PIN_NO", "PIN_NAME", "PIN_X", "PIN_Y", "LAYER", "PIN_TYPE", "NET_NAME", "NET_TYPE", "PAD_SHAPE", "PAD_SIZEX", "PAD_SIZEY", "HOLE_SIZE", "PAD_ANGLE"],
	"rows": [
		[1, "5V_BUCK_1", 3310, 1890, "T", "DIP", "24V_SYS", "", "R", 70.87, 70.87, 39.37, 180],
		[2, "5V_BUCK_1", 3310, 1890, "B", "DIP", "24V_SYS", "", "R", 70.87, 70.87, 39.37, 180],
		[3, "5V_BUCK_2", 3210, 1890, "T", "DIP", "GND", "GND", "C", 70.87, 70.87, 39.37, 180],
		[4, "5V_BUCK_2", 3210, 1890, "B", "DIP", "GND", "GND", "C", 70.87, 70.87, 39.37, 180],
		[5, "5V_BUCK_3", 3110, 1890, "T", "DIP", "5V_SYS", "", "C", 70.87, 70.87, 39.37, 180],
		[6, "5V_BUCK_3", 3110, 1890, "B", "DIP", "5V_SYS", "", "C", 70.87, 70.87, 39.37, 180],
		[7, "12V_BUCK_1", 2780, 1890, "T", "DIP", "24V_SYS", "", "R", 60, 60, 36, 180],
		[8, "12V_BUCK_1", 2780, 1890, "B", "DIP", "24V_SYS", "", "R", 60, 60, 36, 180],
		[9, "12V_BUCK_2", 2680, 1890, "T", "DIP", "GND", "GND", "C", 60, 60, 36, 180],
		[10, "12V_BUCK_2", 2680, 1890, "B", "DIP", "GND", "GND", "C", 60, 60, 36, 180],
		[11, "12V_BUCK_3", 2580, 1890, "T", "DIP", "12V_SYS", "", "C", 60, 60, 36, 180],
		[12, "12V_BUCK_3", 2580, 1890, "B", "DIP", "12V_SYS", "", "C", 60, 60, 36, 180],
		[13, "C8_1", 4100, 2877.44, "T", "SMD", "3V_SYS", "", "R", 31.5, 35.43, 0, 90],
		[14, "C8_2", 4100, 2932.56, "T", "SMD", "GND", "GND", "R", 31.5, 35.43, 0, 90],
		[15, "C8A_1", 4170, 2877.44, "T", "SMD", "3V_SYS", "", "R", 31.5, 35.43, 0, 90],
		[16, "C8A_2", 4170, 2932.56, "T", "SMD", "GND", "GND", "R", 31.5, 35.43, 0, 90],
		[17, "C8A1_1", 3532.44, 2150, "T", "SMD", "3V_SYS", "", "R", 31.5, 35.43, 0, 0],
		[18, "C8A1_2", 3587.56, 2150, "T", "SMD", "GND", "GND", "R", 31.5, 35.43, 0, 0],
		[19, "C9_1", 3744.88, 2670, "T", "SMD", "24V_SYS", "", "R", 137.79, 47.24, 0, 0],
		[20, "C9_2", 3955.12, 2670, "T", "SMD", "GND", "GND", "R", 137.79, 47.24, 0, 0],
		[21, "C11_1", 4239.63, 1713.58, "T", "SMD", "$1N5096", "", "R", 31.5, 35.43, 0, 0],
		[22, "C11_2", 4294.75, 1713.58, "T", "SMD", "A_GND", "", "R", 31.5, 35.43, 0, 0],
		[23, "C12_1", 3365, 2707.7, "T", "SMD", "GND", "GND", "R", 58.47, 68.03, 0, 270],
		[24, "C12_2", 3365, 2582.3, "T", "SMD", "24V_SYS", "", "R", 58.47, 68.03, 0, 270],
		[25, "C13_1", 4535, 4222.56, "T", "SMD", "A_GND", "", "R", 31.5, 35.43, 0, 270],
		[26, "C13_2", 4535, 4167.44, "T", "SMD", "$1N3466", "", "R", 31.5, 35.43, 0, 270],
		[27, "C14_1", 2429.35, 2022.38, "T", "SMD", "24V_SYS", "", "R", 31.5, 35.43, 0, 0],
		[28, "C14_2", 2484.47, 2022.38, "T", "SMD", "GND", "GND", "R", 31.5, 35.43, 0, 0],
		[29, "C15_1", 2318.57, 2126.74, "T", "SMD", "24V_SYS", "", "R", 58.47, 68.03, 0, 270],
		[30, "C15_2", 2318.57, 2001.34, "T", "SMD", "GND", "GND", "R", 58.47, 68.03, 0, 270],
		[31, "D1_1", 3770.51, 2895, "T", "SMD", "24V_SYS", "", "R", 82.68, 70.87, 0, 0],
		[32, "D1_2", 3959.49, 2895, "T", "SMD", "$1N2007", "", "R", 82.68, 70.87, 0, 0],
		[33, "D3_1", 3570, 2562.06, "T", "SMD", "24V_SYS", "", "R", 80.61, 86.31, 0, 90],
		[34, "D3_2", 3570, 2747.94, "T", "SMD", "GND", "GND", "R", 80.61, 86.31, 0, 90],
		[35, "D4_1", 3626.03, 1715, "T", "SMD", "$1N5266", "", "R", 47.24, 55.12, 0, 180],
		[36, "D4_2", 3503.98, 1715, "T", "SMD", "5V_SYS", "", "R", 47.24, 55.12, 0, 180],
		[37, "FAN_1", 2125, 2040, "T", "DIP", "GND", "GND", "C", 66.93, 66.93, 47.24, 270],
		[38, "FAN_1", 2125, 2040, "B", "DIP", "GND", "GND", "C", 66.93, 66.93, 47.24, 270],
		[39, "FAN_2", 2125, 1940, "T", "DIP", "12V_SYS", "", "C", 66.93, 66.93, 47.24, 270],
		[40, "FAN_2", 2125, 1940, "B", "DIP", "12V_SYS", "", "C", 66.93, 66.93, 47.24, 270],
		[41, "FAN_3", 2125, 1840, "T", "DIP", "FAN_3", "", "C", 66.93, 66.93, 47.24, 270],
		[42, "FAN_3", 2125, 1840, "B", "DIP", "FAN_3", "", "C", 66.93, 66.93, 47.24, 270],
		[43, "FAN_4", 2125, 1740, "T", "DIP", "$1N3870", "", "C", 66.93, 66.93, 47.24, 270],
		[44, "FAN_4", 2125, 1740, "B", "DIP", "$1N3870", "", "C", 66.93, 66.93, 47.24, 270],
		[45, "FAN_MOSFET_1", 2380.28, 1682.6, "T", "SMD", "FAN_GATE", "", "R", 39.37, 31.5, 0, 180],
		[46, "FAN_MOSFET_2", 2380.28, 1757.4, "T", "SMD", "GND", "GND", "R", 39.37, 31.5, 0, 180],
		[47, "FAN_MOSFET_3", 2289.72, 1720, "T", "SMD", "$1N3870", "", "R", 39.37, 31.5, 0, 180],
		[48, "Fuse_1", 3825, 3172.97, "T", "SMD", "24V_IN", "", "R", 55.38, 137.76, 0, 270],
		[49, "Fuse_2", 3825, 3027.03, "T", "SMD", "$1N2007", "", "R", 55.38, 137.76, 0, 270],
		[50, "I2C-MOLEX_1", 4440, 3870, "T", "DIP", "SDA", "", "C", 66.93, 66.93, 47.24, 180],
		[51, "I2C-MOLEX_1", 4440, 3870, "B", "DIP", "SDA", "", "C", 66.93, 66.93, 47.24, 180],
		[52, "I2C-MOLEX_2", 4340, 3870, "T", "DIP", "SCL", "", "C", 66.93, 66.93, 47.24, 180],
		[53, "I2C-MOLEX_2", 4340, 3870, "B", "DIP", "SCL", "", "C", 66.93, 66.93, 47.24, 180],
		[54, "I2C-MOLEX_3", 4240, 3870, "T", "DIP", "A_GND", "", "C", 66.93, 66.93, 47.24, 180],
		[55, "I2C-MOLEX_3", 4240, 3870, "B", "DIP", "A_GND", "", "C", 66.93, 66.93, 47.24, 180],
		[56, "I2C-MOLEX_4", 4140, 3870, "T", "DIP", "3V_SYS", "", "C", 66.93, 66.93, 47.24, 180],
		[57, "I2C-MOLEX_4", 4140, 3870, "B", "DIP", "3V_SYS", "", "C", 66.93, 66.93, 47.24, 180],
		[58, "INBUS_1", 4365, 3125, "T", "DIP", "B", "", "C", 66.93, 66.93, 47.24, 180],
		[59, "INBUS_1", 4365, 3125, "B", "DIP", "B", "", "C", 66.93, 66.93, 47.24, 180],
		[60, "INBUS_2", 4265, 3125, "T", "DIP", "A", "", "C", 66.93, 66.93, 47.24, 180],
		[61, "INBUS_2", 4265, 3125, "B", "DIP", "A", "", "C", 66.93, 66.93, 47.24, 180],
		[62, "INBUS_3", 4165, 3125, "T", "DIP", "GND", "GND", "C", 66.93, 66.93, 47.24, 180],
		[63, "INBUS_3", 4165, 3125, "B", "DIP", "GND", "GND", "C", 66.93, 66.93, 47.24, 180],
		[64, "INBUS_4", 4065, 3125, "T", "DIP", "24V_IN", "", "C", 66.93, 66.93, 47.24, 180],
		[65, "INBUS_4", 4065, 3125, "B", "DIP", "24V_IN", "", "C", 66.93, 66.93, 47.24, 180],
		[66, "L1_1", 3537.45, 2055, "T", "SMD", "$1N7174", "", "R", 31.5, 34.02, 0, 180],
		[67, "L1_2", 3592.55, 2055, "T", "SMD", "3V_SYS", "", "R", 31.5, 34.02, 0, 180],
		[68, "LED_MOLEX_1", 2440, 2125, "T", "DIP", "24V_SYS", "", "R", 70.87, 70.87, 43.31, 0],
		[69, "LED_MOLEX_1", 2440, 2125, "B", "DIP", "24V_SYS", "", "R", 70.87, 70.87, 43.31, 0],
		[70, "LED_MOLEX_2", 2540, 2125, "T", "DIP", "$1N3982", "", "C", 70.87, 70.87, 43.31, 0],
		[71, "LED_MOLEX_2", 2540, 2125, "B", "DIP", "$1N3982", "", "C", 70.87, 70.87, 43.31, 0],
		[72, "LED_MOSFET_1", 2737.4, 2134.37, "T", "SMD", "LED_GATE", "", "R", 49.21, 27.56, 0, 90],
		[73, "LED_MOSFET_2", 2662.6, 2134.37, "T", "SMD", "GND", "GND", "R", 49.21, 27.56, 0, 90],
		[74, "LED_MOSFET_3", 2700, 2055.63, "T", "SMD", "$1N3982", "", "R", 49.21, 27.56, 0, 90],
		[75, "MCU_1", 4435, 1710, "T", "DIP", "MCU_1", "", "O", 130, 70, 39.37, 180],
		[76, "MCU_1", 4435, 1710, "B", "DIP", "MCU_1", "", "O", 130, 70, 39.37, 180],
		[77, "MCU_2", 4435, 1810, "T", "DIP", "$1N5096", "", "O", 130, 70, 39.37, 180],
		[78, "MCU_2", 4435, 1810, "B", "DIP", "$1N5096", "", "O", 130, 70, 39.37, 180],
		[79, "MCU_3", 4435, 1910, "T", "DIP", "$1N5134", "", "O", 130, 70, 39.37, 180],
		[80, "MCU_3", 4435, 1910, "B", "DIP", "$1N5134", "", "O", 130, 70, 39.37, 180],
		[81, "MCU_4", 4435, 2010, "T", "DIP", "$1N3184", "", "O", 130, 70, 39.37, 180],
		[82, "MCU_4", 4435, 2010, "B", "DIP", "$1N3184", "", "O", 130, 70, 39.37, 180],
		[83, "MCU_5", 4435, 2110, "T", "DIP", "SDA", "", "O", 130, 70, 39.37, 180],
		[84, "MCU_5", 4435, 2110, "B", "DIP", "SDA", "", "O", 130, 70, 39.37, 180],
		[85, "MCU_6", 4435, 2210, "T", "DIP", "SCL", "", "O", 130, 70, 39.37, 180],
		[86, "MCU_6", 4435, 2210, "B", "DIP", "SCL", "", "O", 130, 70, 39.37, 180],
		[87, "MCU_7", 4435, 2310, "T", "DIP", "TX", "", "O", 130, 70, 39.37, 180],
		[88, "MCU_7", 4435, 2310, "B", "DIP", "TX", "", "O", 130, 70, 39.37, 180],
		[89, "MCU_8", 3835, 1710, "T", "DIP", "$1N5266", "", "O", 130, 70, 39.37, 0],
		[90, "MCU_8", 3835, 1710, "B", "DIP", "$1N5266", "", "O", 130, 70, 39.37, 0],
		[91, "MCU_9", 3835, 1810, "T", "DIP", "GND", "GND", "O", 130, 70, 39.37, 0],
		[92, "MCU_9", 3835, 1810, "B", "DIP", "GND", "GND", "O", 130, 70, 39.37, 0],
		[93, "MCU_10", 3835, 1910, "T", "DIP", "$1N7174", "", "O", 130, 70, 39.37, 0],
		[94, "MCU_10", 3835, 1910, "B", "DIP", "$1N7174", "", "O", 130, 70, 39.37, 0],
		[95, "MCU_11", 3835, 2010, "T", "DIP", "REDE", "", "O", 130, 70, 39.37, 0],
		[96, "MCU_11", 3835, 2010, "B", "DIP", "REDE", "", "O", 130, 70, 39.37, 0],
		[97, "MCU_12", 3835, 2110, "T", "DIP", "MCU_12", "", "O", 130, 70, 39.37, 0],
		[98, "MCU_12", 3835, 2110, "B", "DIP", "MCU_12", "", "O", 130, 70, 39.37, 0],
		[99, "MCU_13", 3835, 2210, "T", "DIP", "MCU_13", "", "O", 130, 70, 39.37, 0],
		[100, "MCU_13", 3835, 2210, "B", "DIP", "MCU_13", "", "O", 130, 70, 39.37, 0],
		[101, "MCU_14", 3835, 2310, "T", "DIP", "RX", "", "O", 130, 70, 39.37, 0],
		[102, "MCU_14", 3835, 2310, "B", "DIP", "RX", "", "O", 130, 70, 39.37, 0],
		[103, "OUTBUS_1", 4365, 3415, "T", "DIP", "B", "", "C", 66.93, 66.93, 47.24, 180],
		[104, "OUTBUS_1", 4365, 3415, "B", "DIP", "B", "", "C", 66.93, 66.93, 47.24, 180],
		[105, "OUTBUS_2", 4265, 3415, "T", "DIP", "A", "", "C", 66.93, 66.93, 47.24, 180],
		[106, "OUTBUS_2", 4265, 3415, "B", "DIP", "A", "", "C", 66.93, 66.93, 47.24, 180],
		[107, "OUTBUS_3", 4165, 3415, "T", "DIP", "GND", "GND", "C", 66.93, 66.93, 47.24, 180],
		[108, "OUTBUS_3", 4165, 3415, "B", "DIP", "GND", "GND", "C", 66.93, 66.93, 47.24, 180],
		[109, "OUTBUS_4", 4065, 3415, "T", "DIP", "24V_IN", "", "C", 66.93, 66.93, 47.24, 180],
		[110, "OUTBUS_4", 4065, 3415, "B", "DIP", "24V_IN", "", "C", 66.93, 66.93, 47.24, 180],
		[111, "POT/MOLEX_1", 4210, 4165, "T", "DIP", "A_GND", "", "C", 78.74, 78.74, 47.24, 0],
		[112, "POT/MOLEX_1", 4210, 4165, "B", "DIP", "A_GND", "", "C", 78.74, 78.74, 47.24, 0],
		[113, "POT/MOLEX_2", 4310, 4165, "T", "DIP", "3V_SYS", "", "C", 78.74, 78.74, 47.24, 0],
		[114, "POT/MOLEX_2", 4310, 4165, "B", "DIP", "3V_SYS", "", "C", 78.74, 78.74, 47.24, 0],
		[115, "POT/MOLEX_3", 4410, 4165, "T", "DIP", "$1N3466", "", "C", 78.74, 78.74, 47.24, 0],
		[116, "POT/MOLEX_3", 4410, 4165, "B", "DIP", "$1N3466", "", "C", 78.74, 78.74, 47.24, 0],
		[117, "R0_RS485_TERM_1", 4395.34, 3645, "T", "SMD", "B_OUT", "", "R", 31.75, 34.02, 0, 0],
		[118, "R0_RS485_TERM_2", 4454.66, 3645, "T", "SMD", "B", "", "R", 31.75, 34.02, 0, 0],
		[119, "R1_1", 4245, 2875.34, "T", "SMD", "$1N1692", "", "R", 31.75, 34.02, 0, 90],
		[120, "R1_2", 4245, 2934.66, "T", "SMD", "A", "", "R", 31.75, 34.02, 0, 90],
		[121, "R2_1", 4320, 2875.34, "T", "SMD", "$1N1696", "", "R", 31.75, 34.02, 0, 90],
		[122, "R2_2", 4320, 2934.66, "T", "SMD", "B", "", "R", 31.75, 34.02, 0, 90],
		[123, "R3_1", 4230.34, 1905, "T", "SMD", "LED_GATE", "", "R", 31.75, 34.02, 0, 0],
		[124, "R3_2", 4289.66, 1905, "T", "SMD", "$1N5134", "", "R", 31.75, 34.02, 0, 0],
		[125, "R4_1", 4235.34, 2005, "T", "SMD", "FAN_GATE", "", "R", 31.75, 34.02, 0, 0],
		[126, "R4_2", 4294.66, 2005, "T", "SMD", "$1N3184", "", "R", 31.75, 34.02, 0, 0],
		[127, "R5_1", 4240.34, 1815, "T", "SMD", "$1N3466", "", "R", 31.75, 34.02, 0, 0],
		[128, "R5_2", 4299.66, 1815, "T", "SMD", "$1N5096", "", "R", 31.75, 34.02, 0, 0],
		[129, "R6_1", 4294.66, 2115, "T", "SMD", "SDA", "", "R", 31.75, 34.02, 0, 180],
		[130, "R6_2", 4235.34, 2115, "T", "SMD", "3V_SYS", "", "R", 31.75, 34.02, 0, 180],
		[131, "R7_1", 4294.66, 2220, "T", "SMD", "SCL", "", "R", 31.75, 34.02, 0, 180],
		[132, "R7_2", 4235.34, 2220, "T", "SMD", "3V_SYS", "", "R", 31.75, 34.02, 0, 180],
		[133, "R8_1", 4059.66, 1810, "T", "SMD", "A_GND", "", "R", 31.75, 34.02, 0, 180],
		[134, "R8_2", 4000.34, 1810, "T", "SMD", "GND", "GND", "R", 31.75, 34.02, 0, 180],
		[135, "THVD1452DR_1", 4145, 2555.98, "T", "SMD", "THVD1452DR_1", "", "O", 22.6, 80.24, 0, 0],
		[136, "THVD1452DR_2", 4195, 2555.98, "T", "SMD", "RX", "", "O", 22.6, 80.24, 0, 0],
		[137, "THVD1452DR_3", 4245, 2555.98, "T", "SMD", "REDE", "", "O", 22.6, 80.24, 0, 0],
		[138, "THVD1452DR_4", 4295, 2555.98, "T", "SMD", "REDE", "", "O", 22.6, 80.24, 0, 0],
		[139, "THVD1452DR_5", 4345, 2555.98, "T", "SMD", "TX", "", "O", 22.6, 80.24, 0, 0],
		[140, "THVD1452DR_6", 4395, 2555.98, "T", "SMD", "GND", "GND", "O", 22.6, 80.24, 0, 0],
		[141, "THVD1452DR_7", 4445, 2555.98, "T", "SMD", "GND", "GND", "O", 22.6, 80.24, 0, 0],
		[142, "THVD1452DR_8", 4445, 2774.02, "T", "SMD", "THVD1452DR_8", "", "O", 22.6, 80.24, 0, 0],
		[143, "THVD1452DR_9", 4395, 2774.02, "T", "SMD", "THVD1452DR_9", "", "O", 22.6, 80.24, 0, 0],
		[144, "THVD1452DR_10", 4345, 2774.02, "T", "SMD", "THVD1452DR_10", "", "O", 22.6, 80.24, 0, 0],
		[145, "THVD1452DR_11", 4295, 2774.02, "T", "SMD", "$1N1696", "", "O", 22.6, 80.24, 0, 0],
		[146, "THVD1452DR_12", 4245, 2774.02, "T", "SMD", "$1N1692", "", "O", 22.6, 80.24, 0, 0],
		[147, "THVD1452DR_13", 4195, 2774.02, "T", "SMD", "3V_SYS", "", "O", 22.6, 80.24, 0, 0],
		[148, "THVD1452DR_14", 4145, 2774.02, "T", "SMD", "3V_SYS", "", "O", 22.6, 80.24, 0, 0],
		[149, "PAD1_1", 4020, 3645, "T", "DIP", "A", "", "C", 118.11, 118.11, 0.1, 0],
		[150, "PAD1_1", 4020, 3645, "B", "DIP", "A", "", "C", 118.11, 118.11, 0.1, 0],
		[151, "PAD2_1", 4230, 3645, "T", "DIP", "B_OUT", "", "C", 118.11, 118.11, 0.1, 0],
		[152, "PAD2_1", 4230, 3645, "B", "DIP", "B_OUT", "", "C", 118.11, 118.11, 0.1, 0]
	]
}
}